titulo,colonia,fecha_extraccion,metros_cuadrados,precio_numerico,recamaras,precio_por_m2
"MN 27,500",Condesa,2026-10-01,80,27500,2.0,343.75
"MN 67,000",Condesa,2026-10-01,140,67000,2.0,478.57142857142856
"MN 25,150",Condesa,2026-10-01,42,25150,1.0,598.8095238095239
Balcón,Condesa,2026-10-01,104,58000,2.0,557.6923076923077
"MN 39,500",Condesa,2026-10-01,104,39500,2.0,379.8076923076923
"MN 48,000",Condesa,2026-10-01,150,48000,3.0,320.0
"MN 32,000",Condesa,2026-10-01,111,32000,2.0,288.2882882882883
Escuelas cercanas,Condesa,2026-10-01,192,56000,3.0,291.6666666666667
"MN 25,000",Condesa,2026-10-01,50,25000,1.0,500.0
Alberca,Condesa,2026-10-01,51,28000,1.0,549.0196078431372
"MN 55,000",Condesa,2026-10-01,136,55000,2.0,404.4117647058824
"MN 45,000",Condesa,2026-10-01,100,45000,3.0,450.0
"MN 50,000",Condesa,2026-10-01,75,50000,1.0,666.6666666666666
"MN 28,000",Condesa,2026-10-01,51,28000,1.0,549.0196078431372
"MN 27,000",Condesa,2026-10-01,50,27000,1.0,540.0
Bajó de precio,Condesa,2026-10-01,56,29000,1.0,517.8571428571429
"MN 58,000",Condesa,2026-10-01,104,58000,2.0,557.6923076923077
"MN 40,000",Condesa,2026-10-01,120,40000,2.0,333.3333333333333
Asador,Condesa,2026-10-01,150,55000,2.0,366.6666666666667
"MN 33,000",Condesa,2026-10-01,57,33000,1.0,578.9473684210526
"MN 46,268",Condesa,2026-10-01,94,46268,2.0,492.21276595744683
"MN 37,500",Condesa,2026-10-01,100,37500,1.0,375.0
Espacio de co-working,Condesa,2026-10-01,104,58000,2.0,557.6923076923077
"MN 120,000",Condesa,2026-10-01,189,120000,3.0,634.9206349206349
Amueblado,Condesa,2026-10-01,75,50000,1.0,666.6666666666666
"MN 49,500",Condesa,2026-10-01,92,49500,2.0,538.0434782608696
"MN 12,800",Condesa,2026-10-01,22,12800,1.0,581.8181818181819
"MN 49,783",Condesa,2026-10-01,104,49783,2.0,478.6826923076923
Área de lavado,Condesa,2026-10-01,100,47000,3.0,470.0
"MN 195,000",Condesa,2026-10-01,380,195000,3.0,513.1578947368421
"MN 15,000",Condesa,2026-10-01,55,15000,1.0,272.72727272727275
Permite mascotas,Condesa,2026-10-01,216,84500,3.0,391.2037037037037
"MN 42,000",Condesa,2026-10-01,140,42000,3.0,300.0
"MN 19,000",Condesa,2026-10-01,50,19000,1.0,380.0
"MN 68,500",Condesa,2026-10-01,158,68500,2.0,433.54430379746833
"MN 52,000",Condesa,2026-10-01,85,52000,2.0,611.7647058823529
"MN 22,000",Condesa,2026-10-01,40,22000,1.0,550.0
"MN 49,000",Condesa,2026-10-01,135,49000,3.0,362.962962962963
"MN 15,900",Condesa,2026-10-01,20,15900,1.0,795.0
"MN 43,000",Condesa,2026-10-01,160,43000,3.0,268.75
"MN 24,000",Condesa,2026-10-01,60,24000,1.0,400.0
"MN 37,000",Condesa,2026-10-01,103,37000,2.0,359.22330097087377
"MN 36,680",Condesa,2026-10-01,48,36680,,764.1666666666666
"MN 92,000",Condesa,2026-10-01,310,92000,2.0,296.7741935483871
"MN 39,000",Condesa,2026-10-01,90,39000,2.0,433.3333333333333
"MN 65,000",Condesa,2026-10-01,160,65000,2.0,406.25
"MN 29,000",Condesa,2026-10-01,56,29000,1.0,517.8571428571429
"MN 9,500",Condesa,2026-10-01,30,9500,1.0,316.6666666666667
"MN 75,000",Condesa,2026-10-01,136,75000,3.0,551.4705882352941
"MN 47,000",Condesa,2026-10-01,100,47000,3.0,470.0
"MN 84,500",Condesa,2026-10-01,216,84500,3.0,391.2037037037037
"MN 14,900",Condesa,2026-10-01,30,14900,1.0,496.6666666666667
"MN 34,000",Condesa,2026-10-01,120,34000,2.0,283.3333333333333
"MN 26,000",Condesa,2026-10-01,48,26000,1.0,541.6666666666666
"MN 35,000",Condesa,2026-10-01,169,35000,3.0,207.10059171597632
"MN 56,000",Condesa,2026-10-01,192,56000,3.0,291.6666666666667
"MN 20,900",Roma Norte,2026-10-01,80,20900,2.0,261.25
"MN 30,000",Roma Norte,2026-10-01,69,30000,3.0,434.7826086956522
"MN 28,000",Roma Norte,2026-10-01,58,28000,1.0,482.7586206896552
Área de lavado,Roma Norte,2026-10-01,90,38600,2.0,428.8888888888889
"MN 32,500",Roma Norte,2026-10-01,75,32500,2.0,433.3333333333333
"MN 14,500",Roma Norte,2026-10-01,43,14500,2.0,337.2093023255814
Amueblado,Roma Norte,2026-10-01,69,30000,3.0,434.7826086956522
"MN 19,000",Roma Norte,2026-10-01,33,19000,1.0,575.7575757575758
"MN 26,000",Roma Norte,2026-10-01,70,26000,1.0,371.42857142857144
"MN 38,600",Roma Norte,2026-10-01,90,38600,2.0,428.8888888888889
Escuelas cercanas,Roma Norte,2026-10-01,80,40000,2.0,500.0
"MN 15,000",Roma Norte,2026-10-01,60,15000,1.0,250.0
"MN 33,000",Roma Norte,2026-10-01,80,33000,2.0,412.5
"MN 31,500",Roma Norte,2026-10-01,125,31500,6.0,252.0
Permite mascotas,Roma Norte,2026-10-01,35,28500,1.0,814.2857142857143
"MN 27,000",Roma Norte,2026-10-01,50,27000,1.0,540.0
"MN 25,000",Roma Norte,2026-10-01,50,25000,1.0,500.0
"MN 43,000",Roma Norte,2026-10-01,157,43000,2.0,273.88535031847135
"MN 29,000",Roma Norte,2026-10-01,100,29000,2.0,290.0
"MN 48,000",Roma Norte,2026-10-01,160,48000,2.0,300.0
"MN 60,000",Roma Norte,2026-10-01,152,60000,1.0,394.7368421052632
Asador,Roma Norte,2026-10-01,45,23000,1.0,511.1111111111111
"MN 22,900",Roma Norte,2026-10-01,40,22900,1.0,572.5
Aire acondicionado,Roma Norte,2026-10-01,40,26750,1.0,668.75
"MN 26,750",Roma Norte,2026-10-01,40,26750,1.0,668.75
"MN 40,000",Roma Norte,2026-10-01,80,40000,2.0,500.0
"MN 23,000",Roma Norte,2026-10-01,45,23000,1.0,511.1111111111111
Balcón,Roma Norte,2026-10-01,40,23900,1.0,597.5
"MN 23,900",Roma Norte,2026-10-01,40,23900,1.0,597.5
"MN 28,500",Roma Norte,2026-10-01,35,28500,1.0,814.2857142857143
"MN 20,900",Roma Sur,2026-10-01,80,20900,2.0,261.25
"MN 30,000",Roma Sur,2026-10-01,69,30000,3.0,434.7826086956522
"MN 28,000",Roma Sur,2026-10-01,58,28000,1.0,482.7586206896552
Área de lavado,Roma Sur,2026-10-01,90,38600,2.0,428.8888888888889
"MN 32,500",Roma Sur,2026-10-01,75,32500,2.0,433.3333333333333
"MN 14,500",Roma Sur,2026-10-01,43,14500,2.0,337.2093023255814
Amueblado,Roma Sur,2026-10-01,69,30000,3.0,434.7826086956522
"MN 19,000",Roma Sur,2026-10-01,33,19000,1.0,575.7575757575758
"MN 26,000",Roma Sur,2026-10-01,70,26000,1.0,371.42857142857144
"MN 38,600",Roma Sur,2026-10-01,90,38600,2.0,428.8888888888889
Escuelas cercanas,Roma Sur,2026-10-01,80,40000,2.0,500.0
"MN 15,000",Roma Sur,2026-10-01,60,15000,1.0,250.0
"MN 33,000",Roma Sur,2026-10-01,80,33000,2.0,412.5
"MN 31,500",Roma Sur,2026-10-01,125,31500,6.0,252.0
Permite mascotas,Roma Sur,2026-10-01,35,28500,1.0,814.2857142857143
"MN 27,000",Roma Sur,2026-10-01,50,27000,1.0,540.0
"MN 25,000",Roma Sur,2026-10-01,50,25000,1.0,500.0
"MN 43,000",Roma Sur,2026-10-01,157,43000,2.0,273.88535031847135
"MN 29,000",Roma Sur,2026-10-01,100,29000,2.0,290.0
"MN 48,000",Roma Sur,2026-10-01,160,48000,2.0,300.0
"MN 60,000",Roma Sur,2026-10-01,152,60000,1.0,394.7368421052632
Asador,Roma Sur,2026-10-01,45,23000,1.0,511.1111111111111
"MN 22,900",Roma Sur,2026-10-01,40,22900,1.0,572.5
Aire acondicionado,Roma Sur,2026-10-01,40,26750,1.0,668.75
"MN 26,750",Roma Sur,2026-10-01,40,26750,1.0,668.75
"MN 40,000",Roma Sur,2026-10-01,80,40000,2.0,500.0
"MN 23,000",Roma Sur,2026-10-01,45,23000,1.0,511.1111111111111
Balcón,Roma Sur,2026-10-01,40,23900,1.0,597.5
"MN 23,900",Roma Sur,2026-10-01,40,23900,1.0,597.5
"MN 28,500",Roma Sur,2026-10-01,35,28500,1.0,814.2857142857143
"MN 30,000",Doctores,2026-10-01,139,30000,2.0,215.8273381294964
"MN 38,500",Doctores,2026-10-01,105,38500,2.0,366.6666666666667
"MN 14,950",Doctores,2026-10-01,57,14950,2.0,262.280701754386
Alberca,Doctores,2026-10-01,70,31500,2.0,450.0
"MN 31,500",Doctores,2026-10-01,70,31500,2.0,450.0
"MN 40,000",Doctores,2026-10-01,67,40000,2.0,597.0149253731344
"MN 17,000",Doctores,2026-10-01,52,17000,2.0,326.9230769230769
"MN 24,000",Doctores,2026-10-01,50,24000,1.0,480.0
Área de lavado,Doctores,2026-10-01,85,25000,2.0,294.11764705882354
Bajó de precio,Doctores,2026-10-01,55,15000,2.0,272.72727272727275
"MN 18,000",Doctores,2026-10-01,57,18000,2.0,315.7894736842105
"MN 23,750",Doctores,2026-10-01,85,23750,3.0,279.4117647058824
"MN 18,500",Doctores,2026-10-01,60,18500,1.0,308.3333333333333
"MN 28,500",Doctores,2026-10-01,70,28500,2.0,407.14285714285717
Permite mascotas,Doctores,2026-10-01,30,10000,1.0,333.3333333333333
"MN 21,000",Doctores,2026-10-01,70,21000,2.0,300.0
"MN 12,500",Doctores,2026-10-01,50,12500,2.0,250.0
"MN 16,800",Doctores,2026-10-01,75,16800,2.0,224.0
"MN 15,000",Doctores,2026-10-01,55,15000,2.0,272.72727272727275
"MN 6,800",Doctores,2026-10-01,50,6800,1.0,136.0
"MN 13,000",Doctores,2026-10-01,45,13000,2.0,288.8888888888889
"MN 25,000",Doctores,2026-10-01,85,25000,2.0,294.11764705882354
Balcón,Doctores,2026-10-01,67,40000,2.0,597.0149253731344
Asador,Doctores,2026-10-01,70,21000,2.0,300.0
Amueblado,Doctores,2026-10-01,30,10000,1.0,333.3333333333333
"MN 27,000",Doctores,2026-10-01,69,27000,3.0,391.30434782608694
"MN 28,000",Doctores,2026-10-01,70,28000,2.0,400.0
"MN 10,900",Doctores,2026-10-01,45,10900,1.0,242.22222222222223
"MN 10,000",Doctores,2026-10-01,30,10000,1.0,333.3333333333333
"MN 20,900",Doctores,2026-10-01,45,20900,1.0,464.44444444444446
"MN 16,000",Doctores,2026-10-01,44,16000,2.0,363.6363636363636
"MN 110,200",Del Valle,2026-10-01,248,110200,3.0,444.35483870967744
"MN 60,000",Del Valle,2026-10-01,80,60000,2.0,750.0
"MN 15,000",Del Valle,2026-10-01,25,15000,1.0,600.0
Amueblado,Del Valle,2026-10-01,35,16000,1.0,457.14285714285717
"MN 27,000",Del Valle,2026-10-01,80,27000,2.0,337.5
"MN 48,000",Del Valle,2026-10-01,89,48000,2.0,539.3258426966293
"MN 40,000",Del Valle,2026-10-01,110,40000,2.0,363.6363636363636
"MN 139,200",Del Valle,2026-10-01,248,139200,3.0,561.2903225806451
Escuelas cercanas,Del Valle,2026-10-01,90,39500,2.0,438.8888888888889
"MN 11,000",Del Valle,2026-10-01,25,11000,1.0,440.0
"MN 104,000",Del Valle,2026-10-01,240,104000,3.0,433.3333333333333
"MN 26,800",Del Valle,2026-10-01,80,26800,1.0,335.0
"MN 55,000",Del Valle,2026-10-01,80,55000,2.0,687.5
Aire acondicionado,Del Valle,2026-10-01,150,31000,2.0,206.66666666666666
"MN 22,400",Del Valle,2026-10-01,30,22400,1.0,746.6666666666666
"MN 20,500",Del Valle,2026-10-01,32,20500,1.0,640.625
Balcón,Del Valle,2026-10-01,248,110200,3.0,444.35483870967744
"MN 68,000",Del Valle,2026-10-01,178,68000,3.0,382.02247191011236
"MN 25,000",Del Valle,2026-10-01,70,25000,1.0,357.14285714285717
"MN 24,000",Del Valle,2026-10-01,40,24000,1.0,600.0
"MN 115,000",Del Valle,2026-10-01,350,115000,2.0,328.57142857142856
"MN 85,000",Del Valle,2026-10-01,250,85000,3.0,340.0
Área de lavado,Del Valle,2026-10-01,135,34500,2.0,255.55555555555554
"MN 39,500",Del Valle,2026-10-01,90,39500,2.0,438.8888888888889
"MN 13,000",Del Valle,2026-10-01,30,13000,1.0,433.3333333333333
Asador,Del Valle,2026-10-01,242,110200,3.0,455.3719008264463
"MN 23,500",Del Valle,2026-10-01,70,23500,1.0,335.7142857142857
Alberca,Del Valle,2026-10-01,248,110000,3.0,443.5483870967742
"MN 104,400",Del Valle,2026-10-01,242,104400,3.0,431.40495867768595
"MN 19,200",Del Valle,2026-10-01,45,19200,1.0,426.6666666666667
"MN 50,000",Del Valle,2026-10-01,110,50000,2.0,454.54545454545456
"MN 250,000",Del Valle,2026-10-01,400,250000,3.0,625.0
"MN 10,500",Del Valle,2026-10-01,22,10500,1.0,477.27272727272725
"MN 80,000",Del Valle,2026-10-01,110,80000,2.0,727.2727272727273
"MN 22,000",Del Valle,2026-10-01,65,22000,1.0,338.46153846153845
"MN 11,500",Del Valle,2026-10-01,25,11500,1.0,460.0
"MN 45,000",Del Valle,2026-10-01,90,45000,1.0,500.0
"MN 36,000",Del Valle,2026-10-01,67,36000,1.0,537.3134328358209
"MN 127,600",Del Valle,2026-10-01,235,127600,3.0,542.9787234042553
"MN 35,000",Del Valle,2026-10-01,174,35000,3.0,201.1494252873563
"MN 20,000",Del Valle,2026-10-01,32,20000,1.0,625.0
"MN 110,000",Del Valle,2026-10-01,242,110000,3.0,454.54545454545456
"MN 95,000",Del Valle,2026-10-01,192,95000,3.0,494.7916666666667
"MN 34,500",Del Valle,2026-10-01,135,34500,2.0,255.55555555555554
"MN 38,000",Del Valle,2026-10-01,130,38000,2.0,292.3076923076923
"MN 23,000",Del Valle,2026-10-01,36,23000,1.0,638.8888888888889
"MN 16,000",Del Valle,2026-10-01,35,16000,1.0,457.14285714285717
Bajó de precio,Del Valle,2026-10-01,56,14400,1.0,257.14285714285717
"MN 14,400",Del Valle,2026-10-01,56,14400,1.0,257.14285714285717
"MN 31,000",Del Valle,2026-10-01,150,31000,2.0,206.66666666666666
Departamentos desde,Polanco,2026-10-01,96,20000,2.0,208.33333333333334
"MN 35,000",Polanco,2026-10-01,70,35000,1.0,500.0
Listo para habitar · Entrega Inmediata,Polanco,2026-10-01,96,20000,2.0,208.33333333333334
Permite mascotas,Polanco,2026-10-01,60,24000,1.0,400.0
"MN 97,000",Polanco,2026-10-01,250,97000,3.0,388.0
"MN 100,000",Polanco,2026-10-01,225,100000,3.0,444.44444444444446
"MN 98,000",Polanco,2026-10-01,242,98000,2.0,404.9586776859504
Amueblado,Polanco,2026-10-01,125,60000,2.0,480.0
"MN 92,000",Polanco,2026-10-01,300,92000,3.0,306.6666666666667
"MN 51,000",Polanco,2026-10-01,160,51000,3.0,318.75
"MN 83,000",Polanco,2026-10-01,170,83000,2.0,488.2352941176471
"MN 51,500",Polanco,2026-10-01,200,51500,3.0,257.5
Balcón,Polanco,2026-10-01,250,130000,3.0,520.0
"MN 85,000",Polanco,2026-10-01,130,85000,2.0,653.8461538461538
"MN 230,000",Polanco,2026-10-01,470,230000,3.0,489.36170212765956
"MN 73,000",Polanco,2026-10-01,120,73000,2.0,608.3333333333334
"MN 60,000",Polanco,2026-10-01,125,60000,2.0,480.0
"MN 78,000",Polanco,2026-10-01,265,78000,3.0,294.33962264150944
"MN 26,550",Polanco,2026-10-01,47,26550,1.0,564.8936170212766
"MN 80,000",Polanco,2026-10-01,245,80000,3.0,326.53061224489795
Aire acondicionado,Polanco,2026-10-01,47,26550,1.0,564.8936170212766
"MN 23,900",Polanco,2026-10-01,51,23900,1.0,468.62745098039215
Área de lavado,Polanco,2026-10-01,60,33000,1.0,550.0
"MN 160,000",Polanco,2026-10-01,250,160000,3.0,640.0
Área de juegos infantiles,Polanco,2026-10-01,70,34000,1.0,485.7142857142857
"MN 34,000",Polanco,2026-10-01,70,34000,1.0,485.7142857142857
Escuelas cercanas,Polanco,2026-10-01,1,110000,3.0,110000.0
"MN 43,500",Polanco,2026-10-01,110,43500,2.0,395.45454545454544
"MN 38,000",Polanco,2026-10-01,70,38000,1.0,542.8571428571429
"MN 58,000",Polanco,2026-10-01,150,58000,2.0,386.6666666666667
Espacio de co-working,Polanco,2026-10-01,130,85000,2.0,653.8461538461538
"MN 55,000",Polanco,2026-10-01,118,55000,2.0,466.10169491525426
"MN 33,000",Polanco,2026-10-01,75,33000,2.0,440.0
"MN 40,000",Polanco,2026-10-01,70,40000,1.0,571.4285714285714
"MN 68,000",Polanco,2026-10-01,177,68000,2.0,384.180790960452
"MN 150,000",Polanco,2026-10-01,250,150000,3.0,600.0
"MN 130,000",Polanco,2026-10-01,250,130000,3.0,520.0
"MN 135,000",Polanco,2026-10-01,260,135000,3.0,519.2307692307693
"MN 95,000",Polanco,2026-10-01,185,95000,2.0,513.5135135135135
"MN 67,000",Polanco,2026-10-01,170,67000,3.0,394.11764705882354
"MN 120,000",Polanco,2026-10-01,320,120000,4.0,375.0
"MN 110,000",Polanco,2026-10-01,1,110000,3.0,110000.0
Alberca,Polanco,2026-10-01,122,70000,3.0,573.7704918032787
"MN 87,000",Polanco,2026-10-01,280,87000,2.0,310.7142857142857
"MN 65,000",Polanco,2026-10-01,247,65000,3.0,263.1578947368421
"MN 45,000",Polanco,2026-10-01,115,45000,2.0,391.30434782608694
"MN 70,000",Polanco,2026-10-01,168,70000,3.0,416.6666666666667
"MN 215,000",Polanco,2026-10-01,450,215000,4.0,477.77777777777777
"MN 90,000",Polanco,2026-10-01,225,90000,3.0,400.0
"MN 24,000",Polanco,2026-10-01,60,24000,1.0,400.0
Bajó de precio,Polanco,2026-10-01,75,33000,2.0,440.0
"MN 13,900",Coyoacán,2026-10-01,80,13900,2.0,173.75
"MN 15,000",Coyoacán,2026-10-01,25,15000,1.0,600.0
"MN 23,900",Coyoacán,2026-10-01,80,23900,3.0,298.75
Permite mascotas,Coyoacán,2026-10-01,95,23500,2.0,247.3684210526316
"MN 17,000",Coyoacán,2026-10-01,70,17000,2.0,242.85714285714286
"MN 30,000",Coyoacán,2026-10-01,112,30000,2.0,267.85714285714283
"MN 26,000",Coyoacán,2026-10-01,112,26000,3.0,232.14285714285714
Amueblado,Coyoacán,2026-10-01,25,15000,1.0,600.0
"MN 27,000",Coyoacán,2026-10-01,90,27000,2.0,300.0
"MN 4,950,000",Coyoacán,2026-10-01,120,4950000,3.0,41250.0
"MN 18,000",Coyoacán,2026-10-01,145,18000,3.0,124.13793103448276
"MN 16,250",Coyoacán,2026-10-01,75,16250,2.0,216.66666666666666
"MN 69,000",Coyoacán,2026-10-01,255,69000,2.0,270.5882352941176
"MN 28,000",Coyoacán,2026-10-01,80,28000,2.0,350.0
Balcón,Coyoacán,2026-10-01,100,14000,2.0,140.0
"MN 20,500",Coyoacán,2026-10-01,80,20500,2.0,256.25
"MN 35,000",Coyoacán,2026-10-01,140,35000,3.0,250.0
"MN 21,000",Coyoacán,2026-10-01,120,21000,3.0,175.0
Área de lavado,Coyoacán,2026-10-01,74,25000,2.0,337.8378378378378
"MN 60,000",Coyoacán,2026-10-01,240,60000,3.0,250.0
"MN 23,000",Coyoacán,2026-10-01,184,23000,2.0,125.0
Escuelas cercanas,Coyoacán,2026-10-01,250,65000,3.0,260.0
"MN 32,000",Coyoacán,2026-10-01,128,32000,3.0,250.0
"MN 34,000",Coyoacán,2026-10-01,132,34000,3.0,257.57575757575756
"MN 26,500",Coyoacán,2026-10-01,93,26500,3.0,284.9462365591398
"MN 10,000",Coyoacán,2026-10-01,80,10000,1.0,125.0
"MN 13,800",Coyoacán,2026-10-01,61,13800,2.0,226.2295081967213
"MN 29,215",Coyoacán,2026-10-01,97,29215,2.0,301.1855670103093
Área de juegos infantiles,Coyoacán,2026-10-01,40,12500,1.0,312.5
"MN 31,000",Coyoacán,2026-10-01,117,31000,3.0,264.95726495726495
"MN 27,500",Coyoacán,2026-10-01,76,27500,2.0,361.8421052631579
"MN 13,000",Coyoacán,2026-10-01,15,13000,1.0,866.6666666666666
"MN 18,950",Coyoacán,2026-10-01,66,18950,2.0,287.1212121212121
"MN 40,000",Coyoacán,2026-10-01,200,40000,3.0,200.0
"MN 22,500",Coyoacán,2026-10-01,110,22500,3.0,204.54545454545453
"MN 32,700",Coyoacán,2026-10-01,70,32700,2.0,467.14285714285717
"MN 38,500",Coyoacán,2026-10-01,200,38500,3.0,192.5
"MN 32,015",Coyoacán,2026-10-01,106,32015,3.0,302.02830188679246
Asador,Coyoacán,2026-10-01,90,25000,2.0,277.77777777777777
"MN 25,000",Coyoacán,2026-10-01,74,25000,2.0,337.8378378378378
"MN 20,000",Coyoacán,2026-10-01,96,20000,2.0,208.33333333333334
Bajó de precio,Coyoacán,2026-10-01,240,60000,3.0,250.0
"MN 38,029",Coyoacán,2026-10-01,130,38029,3.0,292.53076923076924
"MN 41,000",Coyoacán,2026-10-01,120,41000,3.0,341.6666666666667
"MN 19,000",Coyoacán,2026-10-01,62,19000,2.0,306.4516129032258
"MN 11,000",Coyoacán,2026-10-01,65,11000,2.0,169.23076923076923
"MN 29,000",Coyoacán,2026-10-01,93,29000,3.0,311.8279569892473
"MN 9,800",Coyoacán,2026-10-01,35,9800,1.0,280.0
"MN 16,009",Coyoacán,2026-10-01,80,16009,2.0,200.1125
"MN 16,000",Coyoacán,2026-10-01,56,16000,2.0,285.7142857142857
"MN 33,500",Coyoacán,2026-10-01,170,33500,3.0,197.05882352941177
"MN 39,000",Coyoacán,2026-10-01,167,39000,3.0,233.53293413173654
"MN 23,500",Coyoacán,2026-10-01,95,23500,2.0,247.3684210526316
"MN 14,000",Coyoacán,2026-10-01,100,14000,2.0,140.0
"MN 65,000",Coyoacán,2026-10-01,250,65000,3.0,260.0
"MN 19,500",Coyoacán,2026-10-01,71,19500,2.0,274.6478873239437
"MN 12,500",Coyoacán,2026-10-01,40,12500,1.0,312.5
"MN 58,000",Santa Fe,2026-10-01,191,58000,3.0,303.6649214659686
"MN 100,000",Santa Fe,2026-10-01,283,100000,3.0,353.35689045936397
"MN 30,000",Santa Fe,2026-10-01,108,30000,2.0,277.77777777777777
Espacio de co-working,Santa Fe,2026-10-01,247,53000,3.0,214.5748987854251
"MN 50,000",Santa Fe,2026-10-01,185,50000,3.0,270.27027027027026
"MN 32,000",Santa Fe,2026-10-01,48,32000,1.0,666.6666666666666
Área de juegos infantiles,Santa Fe,2026-10-01,101,29000,2.0,287.1287128712871
"MN 25,500",Santa Fe,2026-10-01,60,25500,1.0,425.0
"MN 57,000",Santa Fe,2026-10-01,169,57000,3.0,337.27810650887574
"MN 24,000",Santa Fe,2026-10-01,55,24000,1.0,436.3636363636364
"MN 55,500",Santa Fe,2026-10-01,170,55500,3.0,326.47058823529414
Aire acondicionado,Santa Fe,2026-10-01,85,29000,2.0,341.1764705882353
"MN 29,000",Santa Fe,2026-10-01,101,29000,2.0,287.1287128712871
Alberca,Santa Fe,2026-10-01,164,55000,3.0,335.3658536585366
"MN 32,500",Santa Fe,2026-10-01,60,32500,1.0,541.6666666666666
"MN 37,000",Santa Fe,2026-10-01,145,37000,2.0,255.17241379310346
"MN 20,000",Santa Fe,2026-10-01,70,20000,1.0,285.7142857142857
"MN 26,000",Santa Fe,2026-10-01,72,26000,1.0,361.1111111111111
Amueblado,Santa Fe,2026-10-01,72,26000,1.0,361.1111111111111
"MN 24,500",Santa Fe,2026-10-01,45,24500,1.0,544.4444444444445
Área de lavado,Santa Fe,2026-10-01,164,55000,3.0,335.3658536585366
"MN 45,000",Santa Fe,2026-10-01,108,45000,3.0,416.6666666666667
"MN 25,000",Santa Fe,2026-10-01,43,25000,1.0,581.3953488372093
"MN 47,000",Santa Fe,2026-10-01,140,47000,2.0,335.7142857142857
"MN 18,500",Santa Fe,2026-10-01,74,18500,2.0,250.0
"MN 40,955",Santa Fe,2026-10-01,140,40955,2.0,292.5357142857143
Permite mascotas,Santa Fe,2026-10-01,38,21600,1.0,568.421052631579
"MN 18,000",Santa Fe,2026-10-01,70,18000,1.0,257.14285714285717
"MN 21,000",Santa Fe,2026-10-01,33,21000,1.0,636.3636363636364
Escuelas cercanas,Santa Fe,2026-10-01,87,34500,1.0,396.55172413793105
"MN 55,000",Santa Fe,2026-10-01,164,55000,3.0,335.3658536585366
"MN 38,500",Santa Fe,2026-10-01,120,38500,2.0,320.8333333333333
"MN 28,000",Santa Fe,2026-10-01,86,28000,1.0,325.5813953488372
"MN 120,000",Santa Fe,2026-10-01,243,120000,3.0,493.82716049382714
"MN 56,000",Santa Fe,2026-10-01,169,56000,3.0,331.3609467455621
"MN 70,000",Santa Fe,2026-10-01,312,70000,2.0,224.35897435897436
Asador,Santa Fe,2026-10-01,39,21600,1.0,553.8461538461538
"MN 110,500",Santa Fe,2026-10-01,365,110500,3.0,302.73972602739724
"MN 24,700",Santa Fe,2026-10-01,48,24700,1.0,514.5833333333334
"MN 48,000",Santa Fe,2026-10-01,112,48000,2.0,428.57142857142856
"MN 21,600",Santa Fe,2026-10-01,39,21600,1.0,553.8461538461538
"MN 42,000",Santa Fe,2026-10-01,145,42000,2.0,289.6551724137931
"MN 14,000",Santa Fe,2026-10-01,36,14000,1.0,388.8888888888889
"MN 170,000",Santa Fe,2026-10-01,476,170000,3.0,357.14285714285717
"MN 38,000",Santa Fe,2026-10-01,164,38000,3.0,231.70731707317074
"MN 22,500",Santa Fe,2026-10-01,45,22500,1.0,500.0
"MN 23,000",Santa Fe,2026-10-01,70,23000,1.0,328.57142857142856
"MN 39,000",Santa Fe,2026-10-01,120,39000,2.0,325.0
"MN 50,500",Santa Fe,2026-10-01,167,50500,3.0,302.3952095808383
"MN 31,500",Santa Fe,2026-10-01,70,31500,1.0,450.0
"MN 53,000",Santa Fe,2026-10-01,247,53000,3.0,214.5748987854251
Reservado,Santa Fe,2026-10-01,55,24000,1.0,436.3636363636364
"MN 60,000",Santa Fe,2026-10-01,157,60000,2.0,382.1656050955414
"MN 36,000",Santa Fe,2026-10-01,84,36000,1.0,428.57142857142856
"MN 22,800",Santa Fe,2026-10-01,45,22800,1.0,506.6666666666667
"MN 31,000",Santa Fe,2026-10-01,69,31000,1.0,449.27536231884056
"MN 35,000",Santa Fe,2026-10-01,86,35000,2.0,406.9767441860465
"MN 34,500",Santa Fe,2026-10-01,87,34500,1.0,396.55172413793105
"MN 129,000",Lomas de Chapultepec,2026-10-01,215,129000,2.0,600.0
"MN 60,000",Lomas de Chapultepec,2026-10-01,180,60000,2.0,333.3333333333333
"MN 75,000",Lomas de Chapultepec,2026-10-01,190,75000,3.0,394.7368421052632
Área de lavado,Lomas de Chapultepec,2026-10-01,330,80000,4.0,242.42424242424244
"MN 48,000",Lomas de Chapultepec,2026-10-01,320,48000,3.0,150.0
"MN 90,000",Lomas de Chapultepec,2026-10-01,292,90000,3.0,308.2191780821918
"MN 95,000",Lomas de Chapultepec,2026-10-01,300,95000,3.0,316.6666666666667
"MN 150,000",Lomas de Chapultepec,2026-10-01,320,150000,3.0,468.75
"MN 53,000",Lomas de Chapultepec,2026-10-01,190,53000,3.0,278.94736842105266
"MN 58,000",Lomas de Chapultepec,2026-10-01,200,58000,3.0,290.0
"MN 64,000",Lomas de Chapultepec,2026-10-01,243,64000,2.0,263.3744855967078
"MN 52,000",Lomas de Chapultepec,2026-10-01,240,52000,2.0,216.66666666666666
"MN 56,000",Lomas de Chapultepec,2026-10-01,215,56000,3.0,260.4651162790698
"MN 26,000",Lomas de Chapultepec,2026-10-01,85,26000,1.0,305.88235294117646
Área de juegos infantiles,Lomas de Chapultepec,2026-10-01,190,76000,2.0,400.0
"MN 120,000",Lomas de Chapultepec,2026-10-01,292,120000,3.0,410.958904109589
"MN 68,500",Lomas de Chapultepec,2026-10-01,200,68500,3.0,342.5
Bajó de precio,Lomas de Chapultepec,2026-10-01,190,75000,2.0,394.7368421052632
Escuelas cercanas,Lomas de Chapultepec,2026-10-01,320,150000,3.0,468.75
"MN 100,000",Lomas de Chapultepec,2026-10-01,320,100000,3.0,312.5
Amueblado,Lomas de Chapultepec,2026-10-01,250,69000,3.0,276.0
"MN 28,000",Lomas de Chapultepec,2026-10-01,80,28000,1.0,350.0
Permite mascotas,Lomas de Chapultepec,2026-10-01,180,55000,3.0,305.55555555555554
"MN 67,000",Lomas de Chapultepec,2026-10-01,261,67000,3.0,256.7049808429119
"MN 35,000",Lomas de Chapultepec,2026-10-01,105,35000,3.0,333.3333333333333
"MN 42,000",Lomas de Chapultepec,2026-10-01,280,42000,3.0,150.0
"MN 65,000",Lomas de Chapultepec,2026-10-01,174,65000,2.0,373.5632183908046
"MN 59,000",Lomas de Chapultepec,2026-10-01,330,59000,3.0,178.78787878787878
"MN 30,000",Lomas de Chapultepec,2026-10-01,125,30000,2.0,240.0
"MN 29,000",Lomas de Chapultepec,2026-10-01,103,29000,2.0,281.5533980582524
"MN 74,000",Lomas de Chapultepec,2026-10-01,240,74000,3.0,308.3333333333333
"MN 70,000",Lomas de Chapultepec,2026-10-01,300,70000,3.0,233.33333333333334
"MN 140,000",Lomas de Chapultepec,2026-10-01,420,140000,4.0,333.3333333333333
"MN 24,500",Lomas de Chapultepec,2026-10-01,56,24500,1.0,437.5
"MN 89,900",Lomas de Chapultepec,2026-10-01,425,89900,4.0,211.52941176470588
"MN 76,000",Lomas de Chapultepec,2026-10-01,190,76000,2.0,400.0
Balcón,Lomas de Chapultepec,2026-10-01,215,129000,2.0,600.0
"MN 45,000",Lomas de Chapultepec,2026-10-01,120,45000,2.0,375.0
"MN 28,500",Lomas de Chapultepec,2026-10-01,150,28500,2.0,190.0
"MN 63,000",Lomas de Chapultepec,2026-10-01,380,63000,3.0,165.78947368421052
"MN 80,000",Lomas de Chapultepec,2026-10-01,330,80000,4.0,242.42424242424244
"MN 69,000",Lomas de Chapultepec,2026-10-01,250,69000,3.0,276.0
"MN 130,000",Lomas de Chapultepec,2026-10-01,400,130000,3.0,325.0
"MN 10,500",Lomas de Chapultepec,2026-10-01,13,10500,1.0,807.6923076923077
"MN 55,000",Lomas de Chapultepec,2026-10-01,180,55000,3.0,305.55555555555554
"MN 28,000",Santa María la Ribera,2026-10-01,96,28000,2.0,291.6666666666667
"MN 30,000",Santa María la Ribera,2026-10-01,100,30000,3.0,300.0
Amueblado,Santa María la Ribera,2026-10-01,51,17280,1.0,338.8235294117647
"MN 17,280",Santa María la Ribera,2026-10-01,51,17280,1.0,338.8235294117647
Área de lavado,Santa María la Ribera,2026-10-01,45,19900,1.0,442.22222222222223
"MN 19,500",Santa María la Ribera,2026-10-01,77,19500,2.0,253.24675324675326
"MN 24,000",Santa María la Ribera,2026-10-01,45,24000,1.0,533.3333333333334
"MN 21,900",Santa María la Ribera,2026-10-01,61,21900,2.0,359.0163934426229
"MN 24,500",Santa María la Ribera,2026-10-01,60,24500,1.0,408.3333333333333
Bajó de precio,Santa María la Ribera,2026-10-01,76,21000,2.0,276.3157894736842
"MN 21,000",Santa María la Ribera,2026-10-01,35,21000,1.0,600.0
"MN 17,000",Santa María la Ribera,2026-10-01,60,17000,2.0,283.3333333333333
"MN 24,600",Santa María la Ribera,2026-10-01,160,24600,2.0,153.75
"MN 18,500",Santa María la Ribera,2026-10-01,50,18500,2.0,370.0
Balcón,Santa María la Ribera,2026-10-01,65,3995000,2.0,61461.53846153846
"MN 18,000",Santa María la Ribera,2026-10-01,45,18000,1.0,400.0
"MN 16,000",Santa María la Ribera,2026-10-01,56,16000,1.0,285.7142857142857
"MN 18,700",Santa María la Ribera,2026-10-01,80,18700,2.0,233.75
"MN 22,000",Santa María la Ribera,2026-10-01,65,22000,2.0,338.46153846153845
"MN 20,000",Santa María la Ribera,2026-10-01,55,20000,2.0,363.6363636363636
"MN 18,400",Santa María la Ribera,2026-10-01,50,18400,1.0,368.0
"MN 23,000",Santa María la Ribera,2026-10-01,85,23000,3.0,270.5882352941176
Escuelas cercanas,Santa María la Ribera,2026-10-01,60,16200,2.0,270.0
"MN 12,900",Santa María la Ribera,2026-10-01,70,12900,2.0,184.28571428571428
"MN 7,000",Santa María la Ribera,2026-10-01,45,7000,2.0,155.55555555555554
Permite mascotas,Santa María la Ribera,2026-10-01,60,17000,2.0,283.3333333333333
"MN 19,000",Santa María la Ribera,2026-10-01,75,19000,2.0,253.33333333333334
"MN 19,900",Santa María la Ribera,2026-10-01,45,19900,1.0,442.22222222222223
"MN 6,295,000",Santa María la Ribera,2026-10-01,123,6295000,2.0,51178.86178861788
"MN 3,995,000",Santa María la Ribera,2026-10-01,65,3995000,2.0,61461.53846153846
"MN 17,900",Santa María la Ribera,2026-10-01,43,17900,1.0,416.27906976744185
"MN 16,200",Santa María la Ribera,2026-10-01,60,16200,2.0,270.0
"MN 5,990",Santa María la Ribera,2026-10-01,6,5990,5.0,998.3333333333334
"MN 12,800",Santa María la Ribera,2026-10-01,70,12800,3.0,182.85714285714286
"MN 18,000",Centro,2026-10-01,161,18000,3.0,111.80124223602485
"MN 12,500",Centro,2026-10-01,90,12500,3.0,138.88888888888889
"MN 55,000",Centro,2026-10-01,130,55000,3.0,423.0769230769231
Área de lavado,Centro,2026-10-01,90,9000,3.0,100.0
"MN 9,000",Centro,2026-10-01,90,9000,3.0,100.0
"MN 8,500",Centro,2026-10-01,90,8500,3.0,94.44444444444444
Amueblado,Centro,2026-10-01,1,4500,1.0,4500.0
"MN 4,500",Centro,2026-10-01,1,4500,1.0,4500.0
"MN 13,000",Centro,2026-10-01,50,13000,2.0,260.0
Aire acondicionado,Centro,2026-10-01,161,18000,3.0,111.80124223602485
Permite mascotas,Centro,2026-10-01,105,7500,,71.42857142857143
"MN 7,500",Centro,2026-10-01,105,7500,,71.42857142857143
Departamentos desde,Escandón,2026-10-01,92,21000,3.0,228.2608695652174
"MN 14,000",Escandón,2026-10-01,40,14000,1.0,350.0
Listo para habitar · Entrega Inmediata,Escandón,2026-10-01,96,20000,2.0,208.33333333333334
Departamentos y casas desde,Escandón,2026-10-01,280,55000,4.0,196.42857142857142
"MN 12,900",Escandón,2026-10-01,100,12900,2.0,129.0
"MN 35,000",Escandón,2026-10-01,126,35000,2.0,277.77777777777777
"MN 75,000",Escandón,2026-10-01,330,75000,3.0,227.27272727272728
"MN 66,000",Escandón,2026-10-01,187,66000,2.0,352.94117647058823
Aire acondicionado,Escandón,2026-10-01,230,45000,2.0,195.65217391304347
"MN 24,000",Escandón,2026-10-01,110,24000,2.0,218.1818181818182
"MN 73,000",Escandón,2026-10-01,125,73000,3.0,584.0
"MN 50,000",Escandón,2026-10-01,276,50000,2.0,181.15942028985506
"MN 67,000",Escandón,2026-10-01,168,67000,3.0,398.8095238095238
"MN 5,500",Escandón,2026-10-01,25,5500,1.0,220.0
Área de juegos infantiles,Escandón,2026-10-01,265,200000,3.0,754.7169811320755
"MN 60,000",Escandón,2026-10-01,265,60000,3.0,226.41509433962264
Área de lavado,Escandón,2026-10-01,105,25000,2.0,238.0952380952381
"MN 48,000",Escandón,2026-10-01,170,48000,2.0,282.3529411764706
"MN 90,000",Escandón,2026-10-01,225,90000,3.0,400.0
"MN 18,000",Escandón,2026-10-01,110,18000,2.0,163.63636363636363
"MN 27,125",Escandón,2026-10-01,110,27125,2.0,246.5909090909091
Asador,Escandón,2026-10-01,45,26550,1.0,590.0
"MN 26,550",Escandón,2026-10-01,45,26550,1.0,590.0
Balcón,Escandón,2026-10-01,145,32000,3.0,220.68965517241378
"MN 31,000",Escandón,2026-10-01,90,31000,2.0,344.44444444444446
Amueblado,Escandón,2026-10-01,44,15000,1.0,340.90909090909093
"MN 55,000",Escandón,2026-10-01,216,55000,3.0,254.62962962962962
"MN 32,000",Escandón,2026-10-01,145,32000,3.0,220.68965517241378
"MN 38,000",Escandón,2026-10-01,143,38000,3.0,265.73426573426576
"MN 15,500",Escandón,2026-10-01,77,15500,1.0,201.2987012987013
Alberca,Escandón,2026-10-01,107,63000,2.0,588.7850467289719
"MN 9,500",Escandón,2026-10-01,75,9500,2.0,126.66666666666667
"MN 41,900",Escandón,2026-10-01,102,41900,2.0,410.7843137254902
"MN 28,000",Escandón,2026-10-01,85,28000,2.0,329.4117647058824
Permite mascotas,Escandón,2026-10-01,154,34080,2.0,221.2987012987013
"MN 110,000",Escandón,2026-10-01,291,110000,3.0,378.0068728522337
"MN 25,000",Escandón,2026-10-01,105,25000,2.0,238.0952380952381
"MN 18,500",Escandón,2026-10-01,103,18500,2.0,179.61165048543688
"MN 26,500",Escandón,2026-10-01,105,26500,2.0,252.38095238095238
"MN 24,500",Escandón,2026-10-01,45,24500,1.0,544.4444444444445
Escuelas cercanas,Escandón,2026-10-01,153,68000,2.0,444.44444444444446
"MN 80,000",Escandón,2026-10-01,316,80000,3.0,253.16455696202533
"MN 20,000",Escandón,2026-10-01,36,20000,1.0,555.5555555555555
"MN 120,000",Escandón,2026-10-01,260,120000,3.0,461.53846153846155
"MN 45,000",Escandón,2026-10-01,230,45000,2.0,195.65217391304347
"MN 59,000",Escandón,2026-10-01,175,59000,3.0,337.14285714285717
Reservado,Escandón,2026-10-01,75,45000,1.0,600.0
"MN 97,000",Escandón,2026-10-01,250,97000,3.0,388.0
"MN 41,003",Escandón,2026-10-01,91,41003,3.0,450.5824175824176
"MN 68,000",Escandón,2026-10-01,153,68000,2.0,444.44444444444446
"MN 53,000",Escandón,2026-10-01,167,53000,3.0,317.36526946107784
"MN 33,000",Escandón,2026-10-01,220,33000,3.0,150.0
"MN 15,000",Escandón,2026-10-01,44,15000,1.0,340.90909090909093
Bajó de precio,Escandón,2026-10-01,260,120000,3.0,461.53846153846155
"MN 37,000",Escandón,2026-10-01,192,37000,3.0,192.70833333333334
"MN 100,000",Escandón,2026-10-01,179,100000,3.0,558.659217877095
"MN 12,700",Escandón,2026-10-01,96,12700,2.0,132.29166666666666
"MN 22,000",Escandón,2026-10-01,110,22000,2.0,200.0
"MN 21,500",Escandón,2026-10-01,56,21500,2.0,383.92857142857144
"MN 29,000",Escandón,2026-10-01,65,29000,1.0,446.15384615384613
"MN 16,000",Escandón,2026-10-01,90,16000,2.0,177.77777777777777
"MN 63,000",Escandón,2026-10-01,107,63000,2.0,588.7850467289719
"MN 36,000",Escandón,2026-10-01,120,36000,3.0,300.0
"MN 200,000",Escandón,2026-10-01,265,200000,3.0,754.7169811320755
"MN 34,080",Escandón,2026-10-01,154,34080,2.0,221.2987012987013
