colonia,total_anuncios,precio_min,precio_max,precio_promedio,precio_mediano,m2_promedio,precio_m2_promedio,llave_cruce
Centro,12,4500,55000,13916.67,9000.0,89.5,873.57,CENTRO
Condesa,56,9500,195000,46562.16,42500.0,109.11,458.46,CONDESA
Coyoacán,57,9800,4950000,113457.33,25000.0,108.37,996.47,COYOACAN
Del Valle,50,10500,250000,54220.0,35500.0,124.84,449.15,DEL VALLE
Doctores,31,6800,40000,21293.55,20900.0,62.97,340.34,DOCTORES
Escandón,65,5500,200000,47990.58,35000.0,144.94,334.37,ESCANDON
Lomas de Chapultepec,45,10500,150000,70864.44,67000.0,230.87,327.02,LOMAS DE CHAPULTEPEC
Polanco,51,20000,230000,75333.33,68000.0,162.22,4744.57,POLANCO
Roma Norte,30,14500,60000,29893.33,28250.0,71.03,471.93,ROMA NORTE
Roma Sur,30,14500,60000,29893.33,28250.0,71.03,471.93,ROMA SUR
Santa Fe,58,14000,170000,42073.36,34500.0,123.24,380.36,SANTA FE
Santa María la Ribera,34,5990,6295000,437366.18,19250.0,64.41,5434.33,SANTA MARIA LA RIBERA
